root,relative_path,size,lines,mtime,suffix,flags,sha1
源文件,".DS_Store",8196,0,2026-06-22 14:32:18,(none),"系统垃圾文件；非知识文档格式",5aedb698eabbcd85a4323823e45a1c21db9b813f
源文件,"00-知识库索引.md",8794,176,2026-05-14 16:16:19,.md,"索引导航文件",c7e9180f929a1d5b63c5604bbef7308e4ce01b12
源文件,"1-花火商学院（系统知识）.md",349351,6201,2026-04-20 17:25:50,.md,"超长源文件",cc2ae3ce8d9bd482922ff8215c441409a9aadc60
源文件,"2-舒老师-有情绪的文字.md",468508,4408,2026-04-21 10:59:01,.md,"超长源文件",3191a347db4c55aaad08b984f79e7d9040f6745d
源文件,"3-谈梦知老师.md",272135,933,2026-04-17 00:30:28,.md,"",bf00b1a9bdf004e9fc40d3fb072eb7383d0cce65
源文件,"4-知识类IP参考_PPT动画与封面设计.md",3707,101,2026-04-30 16:24:35,.md,"",21c0bce81da0998dda116e92181a71bb5c5cc56e
源文件,"5-喜欢的封面参考.md",2421,63,2026-04-30 17:08:45,.md,"",e6f6cc62eee4a0f6867debf995ea235d3dc3ca82
源文件,"7.Keynote-教程.md",14266,419,2026-05-05 17:49:59,.md,"",34df56e84998bc6550e36736780b50c1edf0ab93
源文件,"jian.md",1342,8,2026-05-14 16:16:35,.md,"命名不明候选",4f3fe633751e26014d611cefa93794db48b3691f
源文件,"安先生课程/00-Claude帮我消化知识点-提示词.md",11907,171,2026-06-06 22:41:32,.md,"AI中间加工稿候选；工具提示词候选",201392b0b089abf7c17ff22e60a042e03fdecde8
源文件,"安先生课程/01-把课程消化-Openclaw更新机制.md",11318,275,2026-06-07 07:39:16,.md,"",6ddef89cf29443587ebdf4695e632a9cdfff8426
源文件,"安先生课程/Claude帮我整理的.md",498079,8471,2026-06-20 13:33:17,.md,"AI中间加工稿候选；超长源文件",277b1d4ef2b30f5cde6a94cbbffa64ad72ca2e21
源文件,"安先生课程/第20节(骨架·6种推进)主流程升级+注解层补丁 · 2026-06-07.md",3907,74,2026-06-07 22:33:57,.md,"",d60aef44db488b08d0fbf8860ae5c6deb1a45402
源文件,"花火商学院/花火商学院_MOC.md",3361,98,2026-04-21 11:00:47,.md,"索引导航文件",45d465a0f626dcc74ea6115c77f001d4a5376fa0
神经元重塑,".DS_Store",8196,0,2026-06-23 11:18:52,(none),"系统垃圾文件；非知识文档格式",029467a1e6300c45de7c1c73373a646708344c08
神经元重塑,"4980课程素材清单-v0.5.md",81049,1420,2026-06-05 14:33:39,.md,"超长源文件",127e72ffda8351b776e9a9987d96f434bae86c12
神经元重塑,"IP-语言档案-模板.md",1929,72,2026-06-08 15:05:33,.md,"模板文件",57efe611aa9d05adf3cdbc68c04d00d340d99f22
神经元重塑,"jian.md",46862,86,2026-05-14 21:23:32,.md,"命名不明候选",08877eca6a1eed479b05327ebb4c2a43a3293a84
神经元重塑,"个人经验/.DS_Store",6148,0,2026-05-09 00:53:38,(none),"系统垃圾文件；非知识文档格式",e17fe63d6b67a341ac4b280e19ab979d09710e79
神经元重塑,"个人经验/个人经验索引.md",10778,126,2026-05-11 00:07:05,.md,"索引导航文件",9b29f3a5ba091a1864d373bb0551fb506c6405c5
神经元重塑,"个人经验/原子笔记/IP内核缺失诊断_三类情况与内容策略.md",3055,78,2026-05-11 00:06:18,.md,"",d02e6804e57adbd4dca4bed26e297f2dfbe6f5ea
神经元重塑,"个人经验/原子笔记/IP的灵性词汇不能删.md",723,24,2026-05-06 19:16:23,.md,"",614f6ba9c1963f81d1c35f808e16e491d5da9b8d
神经元重塑,"个人经验/原子笔记/三色交付体系.md",1002,24,2026-05-06 19:16:23,.md,"",b02de9ffed05dfcad3952fa33debbb47af69415f
神经元重塑,"个人经验/原子笔记/不擅长表达的客户用主题加提问把内容问出来.md",1584,37,2026-04-27 16:11:22,.md,"",a7f357251ab14cca572278992ce1cba34d240a63
神经元重塑,"个人经验/原子笔记/专业内容去术语化原则.md",2820,80,2026-04-29 17:59:33,.md,"",c06cfdc2c52df09a130c4aa602d0caeebbbd159b
神经元重塑,"个人经验/原子笔记/专业器械的家用替代物策略.md",1849,55,2026-04-29 17:58:02,.md,"",b2645d83bfb7ade3334b541b19aaf4213eba8c0c
神经元重塑,"个人经验/原子笔记/专业术语的双重表达法.md",1984,54,2026-04-30 17:04:36,.md,"",b0b0e3aab134c39220866c80531693a10dd91941
神经元重塑,"个人经验/原子笔记/人设反差写法公式_粗颗粒加高维度.md",2490,81,2026-05-09 00:55:29,.md,"",f05b9c783ca5f8c2e8fc2bffc307434ce38516ac
神经元重塑,"个人经验/原子笔记/企业咨询_加盟型企业诊断框架.md",827,25,2026-04-26 10:53:41,.md,"",a24af8a096d0f02bfa28b3dbe821aabc6e1de501
神经元重塑,"个人经验/原子笔记/企业咨询_团队规模与业务规模失衡诊断.md",684,24,2026-04-26 10:53:41,.md,"",1ff0c1c6fefd926d7a1a60294c0a9d4191c07b58
神经元重塑,"个人经验/原子笔记/企业咨询_顾问角色定位对齐.md",755,26,2026-04-26 10:53:41,.md,"",7f742703a0e6b4b769067c3659c8d42f67d44758
神经元重塑,"个人经验/原子笔记/体制内IP的内容边界处理.md",1912,49,2026-04-26 10:54:09,.md,"",c7efa95cff69023a7680a3440df40fce7758c92a
神经元重塑,"个人经验/原子笔记/健康类IP开头公式_先刺痛再自检再解决方案.md",1872,54,2026-04-29 17:17:59,.md,"",4560ba45b457b496e39ff13461a93f81da60e2bc
神经元重塑,"个人经验/原子笔记/健康类内容违禁词绕过策略.md",1695,48,2026-04-29 17:57:27,.md,"",8a8bcf25b9572a1756c4598bdf850f93fa6fc47a
神经元重塑,"个人经验/原子笔记/内容策略_四大内容柱与冷启动原则.md",2499,71,2026-04-26 10:54:09,.md,"",c70c10e58c9130948bbbfd2effaed1e4e5149366
神经元重塑,"个人经验/原子笔记/内心独白的使用风险.md",657,20,2026-04-26 10:54:09,.md,"",bb171c42c0e3885d9e0fa6410ef15133e60df2f7
神经元重塑,"个人经验/原子笔记/写短视频稿的第一步是确定受众.md",2129,49,2026-05-11 22:53:07,.md,"",673ebf7fd948c739b5a581d15c2abe253ff73e87
神经元重塑,"个人经验/原子笔记/剪辑Broll决策框架.md",4906,130,2026-06-23 11:18:52,.md,"",67375afe6c62815b44df1b5f35df110af2e68e39
神经元重塑,"个人经验/原子笔记/反常识开头_病态流行打破结构.md",2025,59,2026-04-29 17:58:39,.md,"",c8a2dfa7cded6f58b508c26dfef0a67005f6bffd
神经元重塑,"个人经验/原子笔记/商业沟通_听不明白很多时候是不想做.md",810,26,2026-06-26 13:52:32,.md,"",f6f0b39e741b553b42e5c0e5ab4d02e9452530a4
神经元重塑,"个人经验/原子笔记/外包剪辑的定版机制.md",1175,39,2026-04-30 17:04:36,.md,"",4f0119f5e3b249725410187a3a1f5cd855da6c75
神经元重塑,"个人经验/原子笔记/学生写作阶段诊断_能复制但写不出.md",1578,44,2026-04-30 17:04:36,.md,"",0be1a302c7eca3648f8f6400012fa215d0999522
神经元重塑,"个人经验/原子笔记/定位_专业赛道太挤时往上走一个层级.md",1136,34,2026-04-26 21:21:38,.md,"",ab0a79e21532095adcd39d14cbbeb4ba3e2c9b9c
神经元重塑,"个人经验/原子笔记/定位_目标受众默认收窄.md",1220,42,2026-05-09 19:38:06,.md,"",d973a3429e89b702065e557a6c396d40087a3322
神经元重塑,"个人经验/原子笔记/定位_账号内核要建在逻辑上不是工具上.md",1002,28,2026-04-26 21:21:12,.md,"",8cdb8cef226dc05f34ee28076cccd7768ac0f883
神经元重塑,"个人经验/原子笔记/家政服务_慢可以但必须干净.md",894,26,2026-06-26 13:52:32,.md,"",a9c9f0150fdef146218fcdeaada7926c274f4515
神经元重塑,"个人经验/原子笔记/开头0帧起手需要嵌入上下文关键词.md",1877,54,2026-05-07 22:05:21,.md,"",e94b2abdec6719350ab1dd9fbac8336a5957d618
神经元重塑,"个人经验/原子笔记/开放式提问要分层跟着情绪路径走.md",2063,46,2026-04-26 10:58:19,.md,"",bc5bf5a011f18b3e81b0d66a75ea9493885c5f0c
神经元重塑,"个人经验/原子笔记/执行管理_有过程无结果是检测盲区.md",914,26,2026-06-26 13:52:32,.md,"",f8ed72d13173fc0c1fd7751d1b7bfb9dcbd93313
神经元重塑,"个人经验/原子笔记/拍摄_边听音乐边录口播.md",1059,32,2026-05-03 13:14:04,.md,"",73b098a2a7035bc98d22a485bcad3b25e4d110eb
神经元重塑,"个人经验/原子笔记/拍摄紧张的预期管理.md",1288,39,2026-04-30 17:04:36,.md,"",d48cefa650ae0e76fe70bb6f601d0edb6e4cb2b0
神经元重塑,"个人经验/原子笔记/操盘思维_为结果做不为交付做.md",968,26,2026-06-26 13:52:32,.md,"",ea57991b1fc0d5811ea80742a1e8dfddb26cfaad
神经元重塑,"个人经验/原子笔记/教视频制作类内容的违规绕过策略_教学改经验分享.md",2190,53,2026-04-30 16:17:26,.md,"",b1a77a7d2eff01e8ce5f74ba9268743139a7d2f5
神经元重塑,"个人经验/原子笔记/文学性原稿改短视频的核心动作.md",745,24,2026-04-26 10:58:19,.md,"",6ef767b178fe164d83a846ca437f861d0d01a47f
神经元重塑,"个人经验/原子笔记/文案_感官通感植入.md",2396,74,2026-05-09 00:56:12,.md,"",36ca4cf397dd82a4485590d56453d7507b564903
神经元重塑,"个人经验/原子笔记/文案_结尾引导互动激起欲望不是发出指令.md",2906,72,2026-05-09 00:57:43,.md,"",5f45c75714c5b183fa629ab77bc5b1e667b08fb0
神经元重塑,"个人经验/原子笔记/文案_防御式文案先自黑再反手.md",2350,72,2026-05-09 00:56:56,.md,"",703ac611fac32dedfaaa24ec462edffa600827e0
神经元重塑,"个人经验/原子笔记/新人起步期的表达节奏.md",1401,39,2026-05-11 22:53:07,.md,"",92cae0301176e47a14c4b7135aff1947347426db
神经元重塑,"个人经验/原子笔记/服务流程_每完成一个客户反推行业知识入库.md",2102,57,2026-06-01 15:13:49,.md,"",4f85a04b5d313458ac578c8fb9a001cf845b97ef
神经元重塑,"个人经验/原子笔记/标题写作_三维度强制自检框架.md",1908,53,2026-04-27 09:37:04,.md,"",5d8f6ce395601a2be17940270c71f717e9de83f0
神经元重塑,"个人经验/原子笔记/根据IP表达能力选择交付形式.md",1521,37,2026-05-06 19:16:03,.md,"",936dfbc3045e0ea7d6c9a3ec0ca2a6516bf385f9
神经元重塑,"个人经验/原子笔记/知识库巡检的教训.md",1190,29,2026-05-06 20:56:22,.md,"",afa15f88209832bd6cf13a6f2dfd843061fadf8f
神经元重塑,"个人经验/原子笔记/知识类IP封面设计_图形锚点与主题色体系.md",3066,84,2026-04-30 17:03:31,.md,"",e441973c4ac5f4cce0888242fb80cdda476c1874
神经元重塑,"个人经验/原子笔记/短视频开头禁止自我介绍必须0帧起手.md",2088,51,2026-05-09 00:46:22,.md,"",0c2b6c37bfabd42bc231b986c9ca2a2ead5200d9
神经元重塑,"个人经验/原子笔记/短视频文案四大通用技法.md",2339,65,2026-05-09 00:51:35,.md,"",a6acc3aa0d0e49bf132a0882caf3929c594a8a1c
神经元重塑,"个人经验/原子笔记/短视频骨架三段论.md",854,26,2026-04-26 10:58:19,.md,"",caad01c952f097373d2eed7b6075a69e74e5ca47
神经元重塑,"个人经验/原子笔记/策略文件对外版不要过度简化.md",1889,53,2026-05-10 17:35:41,.md,"",1acae57ca699f78b3ffa3ee5dc773626c8e50c0b
神经元重塑,"个人经验/原子笔记/精细化处理的节奏感.md",1614,54,2026-05-09 00:54:55,.md,"",32da4f8ebae65d97d8ef85522bdb7d231677fe84
神经元重塑,"个人经验/原子笔记/素材缺口时用拍摄提示+开放式提问填充.md",1834,41,2026-04-26 10:57:43,.md,"",12eff8e9fc20983527c13461ed1d0de0dcf4c476
神经元重塑,"个人经验/原子笔记/老板IP拓合作伙伴时的现有客户视角风险.md",1308,43,2026-04-26 10:55:23,.md,"",25864204997f08d1c9b5424a966573493f9cc3ae
神经元重塑,"个人经验/原子笔记/老板IP涉及利益机制时的受众冲突风险.md",1250,43,2026-04-26 10:55:23,.md,"",46cd0f9e358d85c68a46a57a02cedd500a9dfd3c
神经元重塑,"个人经验/原子笔记/脚本_每条内容背后必须藏一个敌人.md",2469,78,2026-05-09 00:45:51,.md,"",236c16d7712ca5c4e67c6f2def9db67afaf658af
神经元重塑,"个人经验/原子笔记/脚本写作_从0到1协作经验五条.md",2637,78,2026-04-26 10:57:59,.md,"",26be18da2e39c4bde4f839b9ee795ce6bed2bd62
神经元重塑,"个人经验/原子笔记/获客门槛_真正的壁垒是判断力.md",959,26,2026-06-26 13:52:32,.md,"",ad073672d45a08394d1bb1b079e3c2543485a19a
神经元重塑,"个人经验/原子笔记/视频进度条设计法.md",2948,90,2026-06-23 11:18:21,.md,"",d52011d5043c89cd2f9a9c33b0ea28570b6cdd74
神经元重塑,"个人经验/原子笔记/课程设计_自己没跑通的事不能教.md",923,26,2026-06-26 13:52:32,.md,"",32bb322f2b85c113cd771e49e872d213de3980c5
神经元重塑,"个人经验/原子笔记/账号定位_一句话定位要过受众视角测试.md",1415,34,2026-04-26 21:16:58,.md,"",ff7955d1cf53264797e35835c9a590cd096c6d61
神经元重塑,"个人经验/原子笔记/账号定位_三维筛选法与竞品分析框架.md",1511,60,2026-04-26 10:58:19,.md,"",52f980081e949ebe274ab3c09e96674b82406640
神经元重塑,"个人经验/原子笔记/账号定位_不能只看单一维度是多轮迭代过程.md",1557,47,2026-04-26 21:16:43,.md,"",19b1cbce3224ac832022553a4aeeec08482288cd
神经元重塑,"个人经验/原子笔记/账号定位_不能只看现在做什么要挖想被记住什么.md",1373,29,2026-04-26 21:16:23,.md,"",ffd917e3e9622a1b620b695be91954ce291e5b6e
神经元重塑,"个人经验/原子笔记/账号定位_揣测试探校准的多轮迭代逻辑.md",2194,54,2026-05-06 19:39:13,.md,"",cf9ddca23445c0816960c18ef382ac4912a560f1
神经元重塑,"个人经验/原子笔记/选题挑选-5大热点渠道SOP.md",3199,89,2026-04-26 10:55:23,.md,"",2726e33daa57b91203b5f6451b53ff3ce8403257
神经元重塑,"个人经验/原子笔记/顾问服务_接客户前的三维判断框架.md",973,26,2026-04-26 21:20:44,.md,"",6102b761aaa717492cbc69137c931df475d1364c
神经元重塑,"个人经验/原子笔记/骨架里要有血肉-每100字一个高光时刻.md",1495,37,2026-04-26 10:57:59,.md,"",dffc8c7ca147a86c104ae3c1154ca92e6625e1ef
神经元重塑,"学习方法论/原子笔记/安先生_献祭灵魂换注意力.md",4930,75,2026-05-04 22:52:19,.md,"",43d6efee28d90ce2683e3bcb17a22ba935a3f8f0
神经元重塑,"我的方法论/Skill接口依赖地图.md",4255,118,2026-06-27 23:12:59,.md,"索引导航文件",1af55fedeab378868fd1f68d5c102593dd94a2e2
神经元重塑,"我的方法论/_待审入库/金字塔原理-7±2信息密度控制.md",2329,54,2026-05-11 09:32:21,.md,"",1b7b508c7d0cf30a899a4f124821ed23dc2f3655
神经元重塑,"我的方法论/_待审入库/金字塔原理-四种逻辑顺序选择.md",1998,52,2026-05-11 09:33:38,.md,"",5ad303d3189b034d00c5f9db155148c14e8972d3
神经元重塑,"我的方法论/_待审入库/金字塔原理-归类分组检查法.md",2144,54,2026-05-11 09:33:13,.md,"",a186fe7271c074775a127850203f3fb66015bbff
神经元重塑,"我的方法论/_待审入库/金字塔原理-疑问回答式钩子.md",2547,51,2026-05-11 09:31:55,.md,"",f31466911dec2c6729f85ce937643760c6a34158
神经元重塑,"我的方法论/_待审入库/金字塔原理-自下而上思考自上而下表达.md",2575,58,2026-05-11 09:32:47,.md,"",b3e3d14c31a3783b042263abc72c59d0b7c3e31b
神经元重塑,"我的方法论/原子笔记/养老保险行业内容性别平衡.md",617,24,2026-06-14 04:00:39,.md,"",5a53e20b2cbab27247c644267d22a16022947f7c
神经元重塑,"我的方法论/原子笔记/内容创作_行业共性提炼法.md",3834,88,2026-05-31 17:47:10,.md,"",b8dd846f25182f072d72e33ba4b63f0a3e5296c4
神经元重塑,"我的方法论/原子笔记/内容创作_门店员工口播四步写法.md",2811,94,2026-06-15 10:49:24,.md,"",9d247f6653ca2970b4c09345c98cfa2af27685b6
神经元重塑,"我的方法论/原子笔记/剪辑_BGM起承转合与声音层次.md",1106,17,2026-04-21 15:13:33,.md,"",e4fb68b98815248da01fee7d868a7c9ac549938e
神经元重塑,"我的方法论/原子笔记/剪辑_声音骨架画面填空BGM起承转合.md",1094,17,2026-04-21 15:11:44,.md,"",a3c38a5092c90e34de8dc3912c320a8c30094cf9
神经元重塑,"我的方法论/原子笔记/剪辑_视频生产五步流程.md",1125,17,2026-04-21 15:13:33,.md,"",d179b863c85b168bc5bce61864259fd7dc47ea6a
神经元重塑,"我的方法论/原子笔记/剪辑_镜头语言线性关系.md",860,17,2026-04-21 15:11:44,.md,"",0284d566750d507a142160ec818de52f54882fe8
神经元重塑,"我的方法论/原子笔记/变现_三种基本变现模式.md",1210,20,2026-04-26 10:47:04,.md,"",d986fb22e6d25e196aa5e5676023e8d5eee2b3c3
神经元重塑,"我的方法论/原子笔记/变现_免费分享是最强变现策略.md",1068,17,2026-04-21 15:19:25,.md,"",dfba12f513c0c4c014f36b4c1ece3c471f04ec61
神经元重塑,"我的方法论/原子笔记/变现_变现三角流量信任产品.md",1184,17,2026-04-21 15:19:25,.md,"",d9d8e0c2351b3be471918ddbf7a44dc0fd78a90a
神经元重塑,"我的方法论/原子笔记/商业判断_消费从便宜到好用的转变.md",1326,38,2026-05-31 23:34:21,.md,"",0334fa57a1b4f452d91d9e2c1d7166da7a420b2d
神经元重塑,"我的方法论/原子笔记/定位_人设型vs内容型的选择.md",1101,17,2026-04-21 14:48:23,.md,"",023161f7b14ef1a6aeab190de7bfdc867d944487
神经元重塑,"我的方法论/原子笔记/定位_多平台发布策略.md",927,20,2026-04-26 10:50:21,.md,"",ea7b74e0a369b60f8458e0de36345e248e602dfe
神经元重塑,"我的方法论/原子笔记/定位_特殊经历和弱点是最强人设.md",1398,20,2026-05-06 19:38:55,.md,"",30cc40df96dec09bace0ac55996e586525e76cbe
神经元重塑,"我的方法论/原子笔记/定位_知识类改观点分享类.md",1294,40,2026-05-09 19:38:06,.md,"",d2da134ce97af87d83d6f5a350173401aa275022
神经元重塑,"我的方法论/原子笔记/定位_自媒体vs流媒体的判断标准.md",1032,17,2026-04-21 14:49:58,.md,"",149f5c4373f4c02805e69b40f1d6e516d7c4fe4e
神经元重塑,"我的方法论/原子笔记/定位_自媒体本质是把自己变成流量体.md",1115,17,2026-04-21 14:51:31,.md,"",32315db5ff97c134edd856bd7cf5aadbb665d9c4
神经元重塑,"我的方法论/原子笔记/定位_账号定位的核心公式.md",1067,17,2026-04-21 14:49:58,.md,"",1028d3a924b5f2ceb3bbc4351837468aef61aeb2
神经元重塑,"我的方法论/原子笔记/定位_账号搭建三阶段.md",1109,17,2026-04-21 14:52:43,.md,"",d802f07b5075ac79f037867785e1b40406e67f21
神经元重塑,"我的方法论/原子笔记/定位_陪伴型博主vs导师型.md",1374,44,2026-05-09 19:38:06,.md,"",3c14997fda6d401aaa7119d487834a5fd25c1624
神经元重塑,"我的方法论/原子笔记/工具_语音转写选型-paraformer-v2.md",1119,45,2026-05-31 22:35:12,.md,"",7020a8cf807d1e53c4c8b5c1773269b6cd9afea3
神经元重塑,"我的方法论/原子笔记/思考方式_MECE原则—分类无重叠无遗漏.md",2934,72,2026-05-11 09:46:42,.md,"",3791b6ed140025da35dc5d23811669bf0c5ab255
神经元重塑,"我的方法论/原子笔记/思考方式_人感大于AI感的内容信任逻辑.md",1936,58,2026-04-30 16:28:24,.md,"",6a74c844823486bcee87c286bb9c790ffc3dbd0d
神经元重塑,"我的方法论/原子笔记/思考方式_信任感是一切变现的前提.md",815,20,2026-04-21 16:24:28,.md,"",254055f06837da860e8fa28a38533bc6268b0736
神经元重塑,"我的方法论/原子笔记/思考方式_好奇心驱动的内容骨架.md",2205,73,2026-05-02 00:26:28,.md,"",e20d9c3c22dab3c936a296e2ec1909061ee1dae8
神经元重塑,"我的方法论/原子笔记/思考方式_情绪三起三落双轨设计法.md",5942,178,2026-05-03 10:27:48,.md,"",27738937f96732629e6de70650f2761ff4b55449
神经元重塑,"我的方法论/原子笔记/思考方式_情绪是内容的底层驱动力.md",722,20,2026-04-21 16:24:28,.md,"",d346e0919eafe1aa52afee13091df7b0979332f2
神经元重塑,"我的方法论/原子笔记/思考方式_感性和理性同时调用.md",1135,17,2026-04-21 15:22:04,.md,"",471bd8fa8018362a3e57ca43854bd3c7a5ea63ca
神经元重塑,"我的方法论/原子笔记/思考方式_改变思考方式是最难的部分.md",1125,17,2026-04-21 15:22:47,.md,"",e431182c630bcab583f58b680aa8c713407c6883
神经元重塑,"我的方法论/原子笔记/思考方式_数据是反馈不是评判.md",1039,17,2026-04-21 15:22:04,.md,"",8c8c27a645569a8085451b43b10f4340b4d8f74b
神经元重塑,"我的方法论/原子笔记/思考方式_数据诊断三维复盘法.md",1086,21,2026-04-26 10:50:21,.md,"",e703597fdc3c8fce2faebc5e059e85b15523b4a6
神经元重塑,"我的方法论/原子笔记/思考方式_消费者替代方案思维.md",1064,17,2026-04-21 15:22:47,.md,"",e258114e28ac64075263e162a88335a5b5327020
神经元重塑,"我的方法论/原子笔记/思考方式_演绎归纳二选一—呈现用归纳思考用演绎.md",3057,70,2026-05-11 08:28:34,.md,"",6e432e402cbad3037ff9c19cff672ebcb3df085e
神经元重塑,"我的方法论/原子笔记/思考方式_画面声音文字三位一体.md",746,20,2026-04-21 16:24:28,.md,"",876815791ddc565b59bcf5d69ba59dbd6055f078
神经元重塑,"我的方法论/原子笔记/思考方式_神奇数字7与信息分组原则.md",1644,34,2026-05-11 08:30:00,.md,"",cef20e199915350c2155f14acf18782cd23b64c2
神经元重塑,"我的方法论/原子笔记/思考方式_自下而上思考自上而下表达.md",3099,75,2026-05-11 09:46:09,.md,"",3e171819c7aa4a55dadf4f845b1ea4c7979cf232
神经元重塑,"我的方法论/原子笔记/思考方式_行动优先70分原则.md",1110,17,2026-04-21 15:21:05,.md,"",277346fdb734fc5fe1fc978e20a18140dd11318c
神经元重塑,"我的方法论/原子笔记/思考方式_金字塔四种逻辑顺序.md",3931,98,2026-05-11 08:29:27,.md,"",43bcb5f8c825e17920f6aea3deb2f4c63330390e
神经元重塑,"我的方法论/原子笔记/思考方式_钩子七种类型整合.md",698,20,2026-04-21 16:24:28,.md,"",b7e6be1a73759e04fed9a3e6f300308e4a8aa611
神经元重塑,"我的方法论/原子笔记/思考方式_需求真实存在但需要被唤醒.md",700,20,2026-04-21 16:24:28,.md,"",7abb7b9e2dcb26cb810d8a48c2ec3312a2b62f8b
神经元重塑,"我的方法论/原子笔记/拍摄_帮观众在想象中购物.md",1102,17,2026-04-21 15:10:31,.md,"",bddf8708d7311b3cfdc3a3bab8650762f78fd783
神经元重塑,"我的方法论/原子笔记/拍摄_景别视角影调三步决策.md",1197,17,2026-04-21 15:10:31,.md,"",6ea7bf3a5ca1f2ca90887e6c01e2a5e2e9a92c09
神经元重塑,"我的方法论/原子笔记/文案_SCQA序言框架—开场的骨架与四种变体.md",3753,79,2026-05-11 08:26:59,.md,"",e79eb5107c137a6940812141c2c801585aa968d3
神经元重塑,"我的方法论/原子笔记/文案_互动评论设计原则.md",1291,22,2026-04-26 10:50:40,.md,"",5f0bd579494685769b2f19d069ca372d00419fcf
神经元重塑,"我的方法论/原子笔记/文案_从抽象到具象是基本功.md",1971,33,2026-05-11 22:53:07,.md,"",b6b4ed67a24702c08f9255104895da5a202998d5
神经元重塑,"我的方法论/原子笔记/文案_从自嗨到它嗨.md",1076,17,2026-04-21 15:01:58,.md,"",624219844d034dbaa79af0b5fcf2b03820fb162f
神经元重塑,"我的方法论/原子笔记/文案_即兴语感与写稿语感的差异.md",2158,63,2026-05-31 23:34:21,.md,"",c9137b5189f59557f89c33906733abcf3de48bbc
神经元重塑,"我的方法论/原子笔记/文案_声音优先先写文案再配画面.md",1731,30,2026-04-30 16:28:48,.md,"",17f9b620c612c3a0ff45befa947130ae78cd5659
神经元重塑,"我的方法论/原子笔记/文案_对白独白旁白三种演绎语法.md",1222,17,2026-04-21 15:07:22,.md,"",209e30312746da19654970a05f32e989d66950f2
神经元重塑,"我的方法论/原子笔记/文案_封面文字铁律—行业标签加人设点.md",1549,45,2026-06-03 12:44:48,.md,"",054a248a9df8c4f8a5ce97a8dd66b726c9a50051
神经元重塑,"我的方法论/原子笔记/文案_文案的本质是引导行为留下三样东西.md",1098,17,2026-04-21 15:01:58,.md,"",c06425fca3466db5dcf64446c0662c44bc42f1bc
神经元重塑,"我的方法论/原子笔记/文案_文案的核心功能是引导行为.md",1242,18,2026-04-21 15:00:23,.md,"",979c3cf67bae9e729877cd811a76a06c387cfb85
神经元重塑,"我的方法论/原子笔记/文案_核心卖点只有一个.md",1150,17,2026-04-21 15:07:22,.md,"",1430486839fc01dd04dc02a698041fe5c65aed16
神经元重塑,"我的方法论/原子笔记/文案_疑问回答式钩子—每句话制造下一个疑问.md",2457,59,2026-05-11 09:45:27,.md,"",57e55c5e43c10477ec03547e6ebaa78b6345fd36
神经元重塑,"我的方法论/原子笔记/文案_短视频文案结构总分总加100字一单元.md",1421,18,2026-04-29 08:07:09,.md,"",7f6046bb6b3b6e22471707d3e78e126dc8e09399
神经元重塑,"我的方法论/原子笔记/文案_解释做法式写法（流程对比驱动结构）.md",2532,61,2026-04-22 09:03:39,.md,"",dd14eafdc36f0e673f846dcafc268af25ae3277b
神经元重塑,"我的方法论/原子笔记/文案_请求支持式写法（背景冲突疑问框架）.md",2214,45,2026-04-22 09:03:01,.md,"",a8f6ea0cae8641d2ce71f5d5eed1675af42a9faa
神经元重塑,"我的方法论/原子笔记/文案_金字塔检查六项—骨架验证层.md",6154,167,2026-05-15 07:23:08,.md,"",cfd60301cd9ca8b01090d231a0caa5a75220e597
神经元重塑,"我的方法论/原子笔记/短视频_安先生技法全集-柯哥适配版.md",19365,359,2026-05-03 15:01:00,.md,"",797936035a15ce4a2e5ca87fda554af87068772f
神经元重塑,"我的方法论/原子笔记/苏格拉底式碰撞而非搬运.md",3092,61,2026-05-09 18:44:25,.md,"",8f687fc71e1dbb9211eb52ce2e39d77d754ab175
神经元重塑,"我的方法论/原子笔记/视觉_PPT动画替代B-ROLL的知识类IP方案.md",2425,79,2026-04-30 16:27:56,.md,"",be991ab6b2b503a4dfde43d016e1b0bb10dfe8de
神经元重塑,"我的方法论/原子笔记/视觉美学_影调色彩光线三层决策.md",1146,17,2026-04-21 15:16:39,.md,"",908966f7ca06d798ce50229f0eeb8ff80c6458b5
神经元重塑,"我的方法论/原子笔记/视觉美学_焦段与空间关系.md",902,17,2026-04-21 15:16:39,.md,"",88a1236b01c646ad5bce3dc318a11f15704dbd9f
神经元重塑,"我的方法论/原子笔记/运营_没有关键词，算法不认识你的视频.md",4600,107,2026-05-20 22:26:00,.md,"",ff813b1d1709d055c358a34d9a44f031fc7a32cc
神经元重塑,"我的方法论/原子笔记/选题_冷启动期内容策略.md",986,20,2026-04-26 10:50:21,.md,"",f3bf34232538c4b5b623202e91c5a0bed6133a30
神经元重塑,"我的方法论/原子笔记/选题_围绕自己展开且保持垂直.md",1350,21,2026-05-06 19:38:28,.md,"",acd32cd70442ac24deaeadf4e06813f8e0a3e4ab
神经元重塑,"我的方法论/原子笔记/选题_每条视频要有赌注.md",1027,17,2026-04-21 14:58:23,.md,"",4c906161c91a4565a3518fc72b4564837513dd01
神经元重塑,"我的方法论/原子笔记/选题_热点选题五大渠道SOP.md",1325,23,2026-04-26 10:50:21,.md,"",789318a760b5e07e4d81c69387b62c1364fc5eca
神经元重塑,"我的方法论/原子笔记/选题_超量准备选题库和EIOR调研.md",1008,17,2026-04-21 14:58:23,.md,"",3cd0aa74dc958c0cee2c4d20fe84709b52a20604
神经元重塑,"我的方法论/原子笔记/选题_选题公式需求乘以解决方案.md",1449,20,2026-04-26 10:48:54,.md,"",d87689887d212df21ebecbc79d4b48f03f0aa857
神经元重塑,"我的方法论/短文案写法索引.md",2378,66,2026-05-05 21:32:21,.md,"索引导航文件",cc2ecf471485400eba13bf442265cb51d0f67a88
神经元重塑,"我的方法论/🗺️ 我的方法论_MOC.md",4953,121,2026-06-01 15:13:49,.md,"索引导航文件",1f875ecdf28df613b2f08a16b18145902d89ecb5
神经元重塑,"有情绪的文字-舒老师/原子笔记/定位_产品名要体现品牌性格.md",938,18,2026-04-21 11:49:40,.md,"",623772605ecd49fc328faa423e2246b58b306101
神经元重塑,"有情绪的文字-舒老师/原子笔记/定位_产品名要有卖点.md",640,15,2026-04-21 11:32:34,.md,"",80e53ce39e9700aee4d364276f1876ed1a590e03
神经元重塑,"有情绪的文字-舒老师/原子笔记/定位_受众标签化分类法.md",1385,22,2026-04-21 11:48:03,.md,"",179bcaa7a46354c2c5163881c7bca2d8fca34920
神经元重塑,"有情绪的文字-舒老师/原子笔记/定位_受众要区分购买者和使用者.md",586,14,2026-04-21 11:33:20,.md,"",074c7471586081bcb1c4f70d8af4c15bb87e91c9
神经元重塑,"有情绪的文字-舒老师/原子笔记/定位_品类名不是产品名.md",575,14,2026-04-21 11:30:46,.md,"",62f8f5f3764e6d8114528b37f25ce1de84d2c93f
神经元重塑,"有情绪的文字-舒老师/原子笔记/定位_好产品名的四个标准.md",556,14,2026-04-21 11:31:39,.md,"",38d138aeffc2ea43485f915abe0e4e630ab11a9c
神经元重塑,"有情绪的文字-舒老师/原子笔记/定位_好名字要有绰号空间.md",604,14,2026-04-21 11:32:34,.md,"",620674a180ef68ea1a889da946065f661e58fd69
神经元重塑,"有情绪的文字-舒老师/原子笔记/思考方式_不用问卷的调研方法EIOR.md",633,14,2026-04-21 11:36:21,.md,"",0f4925bd143011acf7a6bc420fd97fdddc7ffc42
神经元重塑,"有情绪的文字-舒老师/原子笔记/思考方式_好文案不是复述机器.md",583,14,2026-04-21 11:38:08,.md,"",8df954fcf2a65431ded9e07a0d9b67e13ab22cd7
神经元重塑,"有情绪的文字-舒老师/原子笔记/思考方式_改变思考方式是学文案最难的部分.md",609,14,2026-04-21 11:37:23,.md,"",93c591417d84bfdb654467decaa645a948d4017a
神经元重塑,"有情绪的文字-舒老师/原子笔记/思考方式_文案学习没有公式只有练习.md",1025,18,2026-04-21 11:48:50,.md,"",ce2501fdc138553a2d69c706c2a0cba8fafb8fe2
神经元重塑,"有情绪的文字-舒老师/原子笔记/思考方式_文案需要同时调用感性和理性.md",610,14,2026-04-21 11:34:38,.md,"",fda4fae927b3b185c1c30dba0ce4a9690015c0ad
神经元重塑,"有情绪的文字-舒老师/原子笔记/思考方式_消费者替代方案思维.md",1048,18,2026-04-21 11:48:50,.md,"",d3978d21b1755c917354a762c093b62ac187280e
神经元重塑,"有情绪的文字-舒老师/原子笔记/文案_15字内解决问题.md",589,14,2026-04-21 11:20:22,.md,"",d4dd8c77246dcce3db3c97771409c823e24ae83f
神经元重塑,"有情绪的文字-舒老师/原子笔记/文案_一句话文案的核心是有特点.md",610,14,2026-04-21 11:20:00,.md,"",11bcd5173d95b3d4785897bb4f728ee4893dc51c
神经元重塑,"有情绪的文字-舒老师/原子笔记/文案_产品广告语要先想定位再动笔.md",1050,18,2026-04-21 11:46:24,.md,"",075790832754e99ee546964507aeeca106443fcc
神经元重塑,"有情绪的文字-舒老师/原子笔记/文案_从暗需求中找卖点创新.md",1060,18,2026-04-21 11:49:40,.md,"",3ee191b83710b30b35edbb21aa2723d0638134b2
神经元重塑,"有情绪的文字-舒老师/原子笔记/文案_修饰性文案是没有目的的文案.md",570,14,2026-04-21 11:17:49,.md,"",16038428e758e43bf5e770600f9728408d101c69
神经元重塑,"有情绪的文字-舒老师/原子笔记/文案_卖点按竞争优势分三层.md",619,14,2026-04-21 11:28:58,.md,"",e25bfa86f3659c0af391317ff148973713b82d79
神经元重塑,"有情绪的文字-舒老师/原子笔记/文案_卖点按需求规模分三层.md",600,14,2026-04-21 11:28:58,.md,"",14e808b001df65ba407592728695e1e555119bf2
神经元重塑,"有情绪的文字-舒老师/原子笔记/文案_卖点是靠文案引导出来的.md",1515,22,2026-04-21 11:48:03,.md,"",952e59bfde697da4d176ebb1a367b76fc6c6fbd6
神经元重塑,"有情绪的文字-舒老师/原子笔记/文案_受众性格决定文案表达风格.md",1006,18,2026-04-21 11:46:24,.md,"",f043432c8172f963726dfd3ee3c34fb7c752ea4a
神经元重塑,"有情绪的文字-舒老师/原子笔记/文案_好标题的两个维度意外感和收获感.md",1000,18,2026-04-21 11:45:23,.md,"",0141784c3d318277f847f659236ffaa77d9d85c3
神经元重塑,"有情绪的文字-舒老师/原子笔记/文案_引导行为是文案的核心功能.md",529,14,2026-04-21 11:17:49,.md,"",6cb7736fb45aeb9119a608290a67c4aef6c33b92
神经元重塑,"有情绪的文字-舒老师/原子笔记/文案_打破书面语束缚像说话一样写文案.md",607,14,2026-04-21 11:20:22,.md,"",b31084950ae750998444ff2ffd93e43905f5fb38
神经元重塑,"有情绪的文字-舒老师/原子笔记/文案_文字与文案的区别.md",764,17,2026-04-21 11:44:29,.md,"",92bf6f2cd5086f4972c0d194f480cab56954488f
神经元重塑,"有情绪的文字-舒老师/原子笔记/文案_文案必须有目的性.md",586,14,2026-04-21 11:19:27,.md,"",a0018878c2623c142f7f465883dc997d67b0e9fc
神经元重塑,"有情绪的文字-舒老师/原子笔记/文案_文案的三个留存物.md",508,14,2026-04-21 11:16:45,.md,"",a540d27429908a05acca82258f4a2e906acf349d
神经元重塑,"有情绪的文字-舒老师/原子笔记/文案_核心卖点只有一个.md",580,14,2026-04-21 11:28:04,.md,"",fc6cf36286e1a9a4e4a28a707410ff417b10f2ec
神经元重塑,"有情绪的文字-舒老师/原子笔记/文案_自嗨文案只是没写完的文案.md",529,14,2026-04-21 11:19:01,.md,"",893e500d5207c507c82e8e70d487790472cb4411
神经元重塑,"有情绪的文字-舒老师/原子笔记/文案_自嗨表达vs它嗨表达.md",797,16,2026-04-21 11:44:29,.md,"",065840062221c198388cda5ffc3518654e880924
神经元重塑,"有情绪的文字-舒老师/原子笔记/文案_自嗨表达与它嗨表达.md",550,13,2026-04-21 11:18:29,.md,"",159514c8b971ca32d034bb2823134d450ae7568f
神经元重塑,"有情绪的文字-舒老师/原子笔记/文案_陌生感是文案有特点的来源.md",1020,18,2026-04-21 11:45:23,.md,"",0352e2460b6d952838f5a4e482f471c5f6e482dc
神经元重塑,"有情绪的文字-舒老师/原子笔记/文案_需求三原理验证卖点真实性.md",562,14,2026-04-21 11:28:04,.md,"",e337f8323242dc72342a4a775db794625f454500
神经元重塑,"有情绪的文字-舒老师/原子笔记/选题_不用问卷的四步调研法EIOR.md",600,14,2026-04-21 11:35:35,.md,"",a3218fe1bdc0c61d83997e40aa299c7519431ebc
神经元重塑,"有情绪的文字-舒老师/原子笔记/选题_购买者和使用者可能不是同一人.md",592,14,2026-04-21 11:35:35,.md,"",f2cf2a74c3d034c5f78aee574f09082ba09bb248
神经元重塑,"有情绪的文字-舒老师/有情绪的文字-舒老师_MOC.md",5966,98,2026-04-21 11:52:12,.md,"索引导航文件",bf4fd5e8d06a9d0b9624757f38e691186add777f
神经元重塑,"美感-谈梦知老师/原子笔记/剪辑_BGM起承转合结构.md",672,14,2026-04-21 12:40:06,.md,"",1b9026ce56689e5afdca4a8439541338163dd47c
神经元重塑,"美感-谈梦知老师/原子笔记/剪辑_声音的前景声与背景声层次.md",685,14,2026-04-21 12:41:40,.md,"",c8f872e6ac139e99863e76f81a63853a749f0110
神经元重塑,"美感-谈梦知老师/原子笔记/剪辑_视频生产五步流程.md",732,15,2026-04-21 12:38:16,.md,"",f5f7f8b7ff9551c30cb28c8bf3f96fff5fd53daf
神经元重塑,"美感-谈梦知老师/原子笔记/剪辑_镜头语言线性关系.md",662,14,2026-04-21 12:41:25,.md,"",49d7d91655542dde00ac28a63d6416ab11b34a6b
神经元重塑,"美感-谈梦知老师/原子笔记/剪辑_音乐与文案意境融合.md",678,14,2026-04-21 12:40:46,.md,"",341fe8a939f478dd238018a221861a73cff65d0e
神经元重塑,"美感-谈梦知老师/原子笔记/变现_商家号与自媒体账号N+1模式.md",693,14,2026-04-21 12:45:18,.md,"",0e99dd65986c39f4c927cd44ed6100c2cac4f0c4
神经元重塑,"美感-谈梦知老师/原子笔记/变现_相似粉与价值需求粉的变现逻辑.md",1258,19,2026-04-21 13:02:26,.md,"",940e0bda250bc53d8f726bfb845da2ba66e3fe91
神经元重塑,"美感-谈梦知老师/原子笔记/定位_人设型vs内容型自媒体的变现差异.md",667,14,2026-04-21 12:23:40,.md,"",ef610f285e885ace99e465f7d073a12db9d229c8
神经元重塑,"美感-谈梦知老师/原子笔记/定位_人设型vs内容型账号.md",681,14,2026-04-21 12:24:05,.md,"",f4d60018f77106605b601138f2e707205437859f
神经元重塑,"美感-谈梦知老师/原子笔记/定位_多平台思维不是单平台思维.md",648,14,2026-04-21 12:23:05,.md,"",d3c2df9811c1c03507d88f3dd1ac05d2588ab627
神经元重塑,"美感-谈梦知老师/原子笔记/定位_特殊经历是人设的记忆点.md",977,18,2026-04-21 12:50:18,.md,"",2f230e60afe0eaea57a3687e00d8544c5d0ae1ff
神经元重塑,"美感-谈梦知老师/原子笔记/定位_自媒体vs流媒体的核心区别.md",639,14,2026-04-21 12:22:39,.md,"",d37ea0b6c31bb51ae16bfc05cda3a41e93fcb538
神经元重塑,"美感-谈梦知老师/原子笔记/定位_自媒体三个核心要素.md",616,14,2026-04-21 12:23:17,.md,"",63fc2eb4c40daf33047aa267e683c6e51deb6a87
神经元重塑,"美感-谈梦知老师/原子笔记/定位_自媒体影响力的五个判断标准.md",595,13,2026-04-21 12:24:24,.md,"",ef974e3cff634d75298d86ddb6f6151512a97d5b
神经元重塑,"美感-谈梦知老师/原子笔记/定位_自媒体的本质是把自己变成流量体.md",964,18,2026-04-21 12:49:34,.md,"",f8a87bcaa3f4675831bf5ff9199a1db7f7d6e9a5
神经元重塑,"美感-谈梦知老师/原子笔记/定位_账号搭建三阶段.md",1053,18,2026-04-21 12:51:20,.md,"",34b8642e875e0fb031611e5b75be87408809cede
神经元重塑,"美感-谈梦知老师/原子笔记/思考方式_不要用AI配音声音是人设的一部分.md",752,14,2026-04-21 12:45:35,.md,"",d2da09557dccfb07b97e0272f374933fecab2764
神经元重塑,"美感-谈梦知老师/原子笔记/拍摄_对白的拍摄方式.md",761,14,2026-04-21 12:33:32,.md,"",da23b0a61b76efbd6d1882971ac14abd39b22065
神经元重塑,"美感-谈梦知老师/原子笔记/拍摄_旁白的拍摄方式.md",762,15,2026-04-21 12:34:24,.md,"",bdb8a4617fded2941316c112e23e61fb6bc8b2c6
神经元重塑,"美感-谈梦知老师/原子笔记/拍摄_景别的具体功能.md",758,14,2026-04-21 12:35:59,.md,"",5764839a1f5fc3284165d97991753cf4cdaf6f7f
神经元重塑,"美感-谈梦知老师/原子笔记/拍摄_灯光通识柔度光比.md",1042,17,2026-04-21 13:03:03,.md,"",6c5e0b483b3d304d8a6d087f8f246d213d42fe88
神经元重塑,"美感-谈梦知老师/原子笔记/拍摄_独白画面的拍摄技法.md",706,14,2026-04-21 12:34:57,.md,"",eba2501933c90945c7a508348cd5fb8b86305b07
神经元重塑,"美感-谈梦知老师/原子笔记/拍摄_视角的具体功能.md",733,14,2026-04-21 12:36:33,.md,"",a90e32eb785384ece14b78704e041b7ea2a86102
神经元重塑,"美感-谈梦知老师/原子笔记/文案_分段式文案写法100字一个单元.md",695,14,2026-04-21 12:29:11,.md,"",ce1a771dfdd6c49c700f0bab6d4f4ea46101458c
神经元重塑,"美感-谈梦知老师/原子笔记/文案_分段式文案写法100字一单元.md",676,14,2026-04-21 12:29:31,.md,"",c91dbdc804adb4b70a44d75c1e3913c827f6515c
神经元重塑,"美感-谈梦知老师/原子笔记/文案_名词可视化和动词可视化.md",656,14,2026-04-21 12:32:30,.md,"",d0eb39b1e20befa456c0c3457cda90646d875ca9
神经元重塑,"美感-谈梦知老师/原子笔记/文案_声音是视频创作的第一位.md",1011,18,2026-04-21 12:59:12,.md,"",761d79d09e7db9560fa90f86c672a42ca538e572
神经元重塑,"美感-谈梦知老师/原子笔记/文案_声音是视频创作第一位.md",664,14,2026-04-21 12:27:45,.md,"",e6e6a622fe219bff1992192e6c5f694b830ae01f
神经元重塑,"美感-谈梦知老师/原子笔记/文案_对白独白旁白三种演绎语法.md",1179,19,2026-04-21 13:01:22,.md,"",405746898ceb54ad51301586f5394c9610421d18
神经元重塑,"美感-谈梦知老师/原子笔记/文案_对白独白旁白三种表达语法.md",788,16,2026-04-21 12:29:54,.md,"",dc5a9976dc3145ec14444ece92c3c16465e489c5
神经元重塑,"美感-谈梦知老师/原子笔记/文案_总分总结构与清单式结构.md",1233,19,2026-04-21 13:10:39,.md,"",7b0881e35f2f0a7fc6a5ded4065227be3b729656
神经元重塑,"美感-谈梦知老师/原子笔记/文案_总分总结构短视频通用框架.md",676,14,2026-04-21 12:30:56,.md,"",4a06ae8e1a5e38b0584964bfe99252eb0d92c4be
神经元重塑,"美感-谈梦知老师/原子笔记/文案_情绪是短视频唯一的度量衡.md",1249,19,2026-04-21 13:00:30,.md,"",c24e3044e81ad3990bede04a32b1b18e8919f71e
神经元重塑,"美感-谈梦知老师/原子笔记/文案_清单式文案结构.md",653,14,2026-04-21 12:31:54,.md,"",c26f7df0d0a24facb34e1b74672a6cf534143c84
神经元重塑,"美感-谈梦知老师/原子笔记/视觉美学_影调与氛围的关系.md",1040,18,2026-04-21 13:04:21,.md,"",53ea773869408e44eb6de56988ef36d74d08e9c1
神经元重塑,"美感-谈梦知老师/原子笔记/视觉美学_焦段与空间关系.md",779,14,2026-04-21 12:43:53,.md,"",8cd83130aa96d26caea07723c36216f908adfbc0
神经元重塑,"美感-谈梦知老师/原子笔记/视觉美学_色彩的情绪语言.md",698,14,2026-04-21 12:43:04,.md,"",76adc271829ff14170046c5c3a7828f817461575
神经元重塑,"美感-谈梦知老师/原子笔记/选题_互动机制设计.md",1014,17,2026-04-21 12:54:15,.md,"",875964eaa95f9e28b44a3931f1c553f4b714c68b
神经元重塑,"美感-谈梦知老师/原子笔记/选题_传播分效果分互动分三维诊断.md",688,14,2026-04-21 12:26:29,.md,"",d64eadc8fd4b385743e5a8603ab6eef8c2e485cd
神经元重塑,"美感-谈梦知老师/原子笔记/选题_选题垂直性是被关注的前提.md",644,14,2026-04-21 12:27:06,.md,"",5fc0d332a54fff08f588f2fb06e197b5b2d5aa31
神经元重塑,"美感-谈梦知老师/原子笔记/选题_选题漏斗三层需求.md",658,14,2026-04-21 12:25:16,.md,"",5b81d1d12c58740a5fe9e598f9efa07d85807b57
神经元重塑,"美感-谈梦知老师/原子笔记/选题_选题漏斗三层需求递进.md",1190,19,2026-04-21 12:56:22,.md,"",9ab9a399ae450ac6237592fe5cf2edd42c73e5f4
神经元重塑,"美感-谈梦知老师/原子笔记/选题_选题要围绕自己为线索.md",605,14,2026-04-21 12:26:08,.md,"",2cf847df0b5e79b4f49ca01918ff03db0dc5471e
神经元重塑,"美感-谈梦知老师/美感-谈梦知老师_MOC.md",5312,102,2026-04-21 13:15:41,.md,"索引导航文件",60324364740de345382b70af0c13d6eb984d37b3
神经元重塑,"花火商学院/原子笔记/变现_免费分享是最强变现策略.md",579,14,2026-04-20 18:43:47,.md,"",c828bdc6e8d2d5eb6d3edecf59f90b8f03b7728d
神经元重塑,"花火商学院/原子笔记/变现_变现三种基本模式.md",650,15,2026-04-20 18:42:58,.md,"",920ebc30b4f44d1566e0daa1724e3c40a9192ee2
神经元重塑,"花火商学院/原子笔记/变现_变现三角流量信任产品.md",614,15,2026-04-20 18:42:43,.md,"",b8beea07ce7e122e138e177f3849752ff1f531ac
神经元重塑,"花火商学院/原子笔记/变现_用户价值决定变现方向.md",612,14,2026-04-20 18:43:31,.md,"",325eefc0f88f71ec7f011e2e248fc3765d10c6a3
神经元重塑,"花火商学院/原子笔记/变现_私域转化路径设计.md",542,14,2026-04-20 18:43:13,.md,"",857928beb573dd8b9a0f2bb488e4b643e3c310d4
神经元重塑,"花火商学院/原子笔记/定位_IP与网红的区别.md",597,14,2026-04-20 18:15:00,.md,"",c98c14fe94945238ae6e3a73945993713bcf3616
神经元重塑,"花火商学院/原子笔记/定位_人设不等于定位.md",546,14,2026-04-20 18:12:40,.md,"",8b89a5d1a9fd3648e40187875667ccc463cc3f73
神经元重塑,"花火商学院/原子笔记/定位_以弱胜强现身说法.md",570,14,2026-04-20 18:20:32,.md,"",915ff3442696c8951cd5099d470bc7f40a82c384
神经元重塑,"花火商学院/原子笔记/定位_定位是模糊的方向.md",467,14,2026-04-20 18:10:07,.md,"",0dbed01412fbd30d6e3bfd3795900b5d03783f48
神经元重塑,"花火商学院/原子笔记/定位_找到具体用户张小阳.md",612,15,2026-04-20 18:17:19,.md,"",b850915f7992d6c210190fea0db7dc45b0031e30
神经元重塑,"花火商学院/原子笔记/定位_理性壁垒加情感羁绊.md",532,14,2026-04-20 18:23:51,.md,"",0a3dbb9e27d9466bc659703b3bd6529e0387c36d
神经元重塑,"花火商学院/原子笔记/定位_用户与价值是定位核心.md",597,15,2026-04-20 18:16:14,.md,"",2d146e936c2b55c1867a84c22604e8d0bba9fd4f
神经元重塑,"花火商学院/原子笔记/定位_竞争力六字箴言.md",647,15,2026-04-20 18:20:09,.md,"",43cdc3adcc5554286ad5b66ff85dd1369ce538b8
神经元重塑,"花火商学院/原子笔记/定位_组合创新叠加价值.md",558,14,2026-04-20 18:21:55,.md,"",33731b14738b70095b2f7c965d8d5e06a942d553
神经元重塑,"花火商学院/原子笔记/定位_账号定位五要素.md",547,15,2026-04-20 18:11:07,.md,"",d2e08f2ccb09cf1ffd66f61cebd685b0d83afeee
神经元重塑,"花火商学院/原子笔记/定位_跨行信息差优势.md",548,14,2026-04-20 18:21:05,.md,"",68779ada4b6174f9ad2e2e15f9d383bac75ebcbb
神经元重塑,"花火商学院/原子笔记/定位_身份不决定定位.md",501,14,2026-04-20 18:14:27,.md,"",a5b36e55b2cab115841724834e3a9a8a2f98fbb8
神经元重塑,"花火商学院/原子笔记/定位_过度工具人与过度抽象.md",629,14,2026-04-20 18:18:41,.md,"",26c07735e9ff3ecc2768855d1c24435b5565c45f
神经元重塑,"花火商学院/原子笔记/定位_选题落地定位.md",516,14,2026-04-20 18:19:32,.md,"",d92e5fca67d902112b8990e57455bff9eec13473
神经元重塑,"花火商学院/原子笔记/思考方式_数据是反馈不是评判.md",578,14,2026-04-20 18:45:01,.md,"",74b646efe0c202f34a7556ef4d9f29ad5ec7ac38
神经元重塑,"花火商学院/原子笔记/思考方式_用自己理解世界.md",611,14,2026-04-20 18:44:37,.md,"",ad3f77e743ac76d0f668f6e38f48b3c34707876e
神经元重塑,"花火商学院/原子笔记/思考方式_知识必须落实到计划.md",555,14,2026-04-20 18:44:24,.md,"",7cfc7e6c7777971f289acfc0be060950a5358ba9
神经元重塑,"花火商学院/原子笔记/思考方式_行动优先70分原则.md",537,14,2026-04-20 18:44:12,.md,"",060286b8729136336611e4820f4940fc266815ef
神经元重塑,"花火商学院/原子笔记/思考方式_贪多嚼不烂专注一个方向.md",580,15,2026-04-20 18:45:19,.md,"",230896fd3d7222c95b0579f387df2bf423b1a27b
神经元重塑,"花火商学院/原子笔记/拍摄_产品即符号.md",538,14,2026-04-20 18:42:27,.md,"",d2df1f6295aa7f6f09b5423ffa6810bc44c0197c
神经元重塑,"花火商学院/原子笔记/拍摄_产品拍摄六种视觉手法.md",708,14,2026-04-20 18:41:27,.md,"",07c119441b359d3deb692a9e9a5dcfc6675222f3
神经元重塑,"花火商学院/原子笔记/拍摄_光线与色彩的心理暗示.md",594,14,2026-04-20 18:42:07,.md,"",978faa6d28ad579af1d24ee5bd74f186e4a6dddd
神经元重塑,"花火商学院/原子笔记/拍摄_帮观众在想象中购物.md",573,14,2026-04-20 18:41:48,.md,"",2a4ea34c24400359021f31cbeb1b595bf6e7ef3d
神经元重塑,"花火商学院/原子笔记/文案_个体经历与普遍经验结合.md",596,14,2026-04-20 18:38:46,.md,"",95cf8b7fbe3f96b4d0605834665d3e29bc20b5c4
神经元重塑,"花火商学院/原子笔记/文案_从抽象到具象是基本功.md",606,14,2026-04-20 18:36:30,.md,"",5f5409de82f1084d324af24800e43438424f635e
神经元重塑,"花火商学院/原子笔记/文案_具体细节产生故事感.md",667,15,2026-04-20 18:38:27,.md,"",bcede0e03d1d284714de2a9ccb1e3675109c3706
神经元重塑,"花火商学院/原子笔记/文案_可视化把抽象变直观.md",638,14,2026-04-20 18:37:44,.md,"",8418695a3c355088a6665ad937b593b973d6e4b0
神经元重塑,"花火商学院/原子笔记/文案_多用短句少用长句.md",546,14,2026-04-20 18:40:29,.md,"",abc3056829d0ad6e3169de2de3676e94a4807bb8
神经元重塑,"花火商学院/原子笔记/文案_开头三秒决定完播率.md",539,14,2026-04-20 18:39:51,.md,"",320e620b4ed32d1a37efcc0c92b8706c103ca500
神经元重塑,"花火商学院/原子笔记/文案_故事感需要人物关系.md",542,14,2026-04-20 18:39:02,.md,"",b561c450f4b988f8053b5c4fdb4a1e8eb90e48ed
神经元重塑,"花火商学院/原子笔记/文案_短视频要用直观语言.md",562,14,2026-04-20 18:37:06,.md,"",73f6d1c8ba7e2e82b5f51ef68c56f46d8370d8e7
神经元重塑,"花火商学院/原子笔记/文案_节奏感推高情绪.md",531,14,2026-04-20 18:40:54,.md,"",1fcd1f47c142779012966398c00df27ef80b4565
神经元重塑,"花火商学院/原子笔记/框架_信息量扩充六个维度.md",644,14,2026-04-20 18:39:22,.md,"",0300002c9601c502262de7b0282610dd6a7f69f5
神经元重塑,"花火商学院/原子笔记/框架_开头五种钩子类型.md",614,14,2026-04-20 18:40:16,.md,"",d50c6624f215d4740a51b4980fb1316c1d3c246b
神经元重塑,"花火商学院/原子笔记/框架_结尾要有行动指令.md",584,14,2026-04-20 18:40:41,.md,"",b6b37f34775591ed1816a72f3d58caac9456dbad
神经元重塑,"花火商学院/原子笔记/选题_五种解决方案类型.md",659,15,2026-04-20 18:32:55,.md,"",8d3ed8a2cd7b77a3c6b4da97b520bdb59dfaf3ee
神经元重塑,"花火商学院/原子笔记/选题_信息差是流量密码.md",539,14,2026-04-20 18:33:35,.md,"",5261289c4807305c450afeb83a787f39d6ce378f
神经元重塑,"花火商学院/原子笔记/选题_八种常规选题类型.md",620,14,2026-04-20 18:33:57,.md,"",3bd24f54775c5fb748791114ec039c491dfc12b7
神经元重塑,"花火商学院/原子笔记/选题_听到沉默的声音.md",567,14,2026-04-20 18:32:20,.md,"",d0870b0d87f01362f5cd948abd08dc36c66a9d52
神经元重塑,"花火商学院/原子笔记/选题_每条视频要有赌注.md",554,14,2026-04-20 18:33:16,.md,"",1becff1d05157f60f7c3a5cb1f759659a6805315
神经元重塑,"花火商学院/原子笔记/选题_生活展示明线与暗线.md",623,14,2026-04-20 18:34:45,.md,"",dcf3df36282bfaaf5cdadde66a1992bbc61b6c99
神经元重塑,"花火商学院/原子笔记/选题_积累反应机制.md",530,14,2026-04-20 18:32:01,.md,"",5de3c85d1e3e58551cc182d4dd6d7c85b8294f06
神经元重塑,"花火商学院/原子笔记/选题_超量准备选题库.md",551,14,2026-04-20 18:28:29,.md,"",2edcffde7719137489265e7c53f519b175061228
神经元重塑,"花火商学院/原子笔记/选题_选题是需求加解决方案.md",599,15,2026-04-20 18:26:47,.md,"",a87be345b9ca2ed51e5191666f9d9c4e03b40832
神经元重塑,"花火商学院/原子笔记/选题_选题要回归用户.md",471,14,2026-04-20 18:35:09,.md,"",94e137be25f621d3af5064f073d8e615617b3317
神经元重塑,"花火商学院/原子笔记/选题_需求库与解决方案库.md",563,15,2026-04-20 18:27:53,.md,"",3d51844e3bf51ecfc490ab9bd4155857a55d1904
神经元重塑,"花火商学院/原子笔记/选题_需求探索四个方法.md",577,14,2026-04-20 18:31:05,.md,"",d5551b2ed183b2523fa4c7ad115538395dee5902
神经元重塑,"花火商学院/花火商学院MOC.md",2376,96,2026-04-20 18:47:21,.md,"索引导航文件",f9b7cf21a0345a0b44402acd109e8443d974037d
神经元重塑,"🎯 调用索引_MOC.md",13630,102,2026-06-26 13:52:50,.md,"索引导航文件",fc8742a93ae3b4d83a85a798c01f6ed8387fc52c
神经元重塑,"🗺️ 新媒体方法论总地图_MOC.md",8816,178,2026-05-06 19:41:32,.md,"索引导航文件",a8ef0d0d5eb8baffe4c020350d5201d54d143235
神经元重塑,"🗺️ 短视频创作流程地图（导航版）.md",4944,71,2026-06-01 15:13:53,.md,"索引导航文件",4cc4aab3ccccea9826572a02fa4936d83298640f
神经元重塑,"🧠 我的创作DNA.md",11739,178,2026-06-05 15:48:11,.md,"",ab3690a4f4c316fa2dcf7f7f86b6154a64ab9864
